iter	Logloss
0	0.5138527811
1	0.47013454
2	0.456382021
3	0.4472724429
